query_name	Predicted_taxonomic_group	Predicted_protein_name	eggNOG_free_text_description	Species_id	Gene_id	Fdrs	gene_id_n	cluster_id_n	cluster_id	species_id	representative	MGnify_accession	species_closest	ani_closest	gtpro_kmer_counts	phyeco_marker_counts	phyeco_pass_ratio	pangene_counts	genome_counts	Genome_type	Length	N_contigs	N50	GC_content	Completeness	Contamination	Domain	Phylum	Class	Order	Family	Genus	Species	Continent	Lineage_Shared	cor_max_species
GUT_GENOME106632_01612	Negativicutes	NA	domain protein	100271	UHGG200056_01835	4.3946285966650807e-5	20005601835	10663201612	GUT_GENOME106632_01612	100271	GUT_GENOME001770	MGYG-HGUT-00271	104271	90.31905	2501	15	1	340117	1060	Isolate	4008876	133	76264	41	99.52	0.24	Bacteria	Firmicutes_A	Clostridia	Lachnospirales	Lachnospiraceae	Roseburia	Roseburia inulinivorans	Asia	FALSE	Veillonella atypica
GUT_GENOME108644_01598	Clostridia	ybbR	protein conserved in bacteria	100078	UHGG108644_01598	0.018650263024806355	10864401598	10864401598	GUT_GENOME108644_01598	100078	GUT_GENOME000308	MGYG-HGUT-00078	102580	84.03945	5551	15	1	114736	1860	Isolate	3032540	30	267346	36.51	98.66	0	Bacteria	Firmicutes_A	Clostridia	Lachnospirales	Lachnospiraceae	Lachnospira	Lachnospira rogosae	Europe	TRUE	Lachnospira sp900316325
GUT_GENOME017448_01080	Eubacteriaceae	glmS	Catalyzes the first step in hexosamine metabolism, converting fructose-6P into glucosamine-6P using glutamine as a nitrogen source	100078	UHGG064037_00369	0.016480752934112164	06403700369	01744801080	GUT_GENOME017448_01080	100078	GUT_GENOME000308	MGYG-HGUT-00078	102580	84.03945	5551	15	1	114736	1860	Isolate	3032540	30	267346	36.51	98.66	0	Bacteria	Firmicutes_A	Clostridia	Lachnospirales	Lachnospiraceae	Lachnospira	Lachnospira rogosae	Europe	TRUE	Lachnospira sp900316325
GUT_GENOME010616_00971	Negativicutes	NA	Belongs to the binding-protein-dependent transport system permease family	100060	UHGG047117_02378	1.4203632157208978e-5	04711702378	01061600971	GUT_GENOME010616_00971	100060	GUT_GENOME000237	MGYG-HGUT-00060	100187	93.73645	8	15	1	336094	3163	Isolate	3236506	50	437259	37.95	98.66	0	Bacteria	Firmicutes_A	Clostridia	Lachnospirales	Lachnospiraceae	Lachnospira	Lachnospira eligens_B	Europe	FALSE	Veillonella atypica
GUT_GENOME016205_00469	Eubacteriaceae	NA	Bacterial membrane protein YfhO	100078	UHGG154988_02076	0.016480752934112164	15498802076	01620500469	GUT_GENOME016205_00469	100078	GUT_GENOME000308	MGYG-HGUT-00078	102580	84.03945	5551	15	1	114736	1860	Isolate	3032540	30	267346	36.51	98.66	0	Bacteria	Firmicutes_A	Clostridia	Lachnospirales	Lachnospiraceae	Lachnospira	Lachnospira rogosae	Europe	TRUE	Lachnospira sp900316325
GUT_GENOME016431_01839	Eubacteriaceae	cheV	Two component signalling adaptor domain	100078	UHGG016431_01839	0.016480752934112164	01643101839	01643101839	GUT_GENOME016431_01839	100078	GUT_GENOME000308	MGYG-HGUT-00078	102580	84.03945	5551	15	1	114736	1860	Isolate	3032540	30	267346	36.51	98.66	0	Bacteria	Firmicutes_A	Clostridia	Lachnospirales	Lachnospiraceae	Lachnospira	Lachnospira rogosae	Europe	TRUE	Lachnospira sp900316325
GUT_GENOME017453_02317	Eubacteriaceae	NA	signal transduction protein containing a membrane domain, an EAL and a GGDEF domain	100060	UHGG228006_01743	0.03309274170401629	22800601743	01745302317	GUT_GENOME017453_02317	100060	GUT_GENOME000237	MGYG-HGUT-00060	100187	93.73645	8	15	1	336094	3163	Isolate	3236506	50	437259	37.95	98.66	0	Bacteria	Firmicutes_A	Clostridia	Lachnospirales	Lachnospiraceae	Lachnospira	Lachnospira eligens_B	Europe	TRUE	Lachnospira sp900316325
GUT_GENOME156752_00415	Negativicutes	XK27_00670	ABC transporter substrate binding protein	100060	UHGG047117_02380	7.33381275131526e-4	04711702380	15675200415	GUT_GENOME156752_00415	100060	GUT_GENOME000237	MGYG-HGUT-00060	100187	93.73645	8	15	1	336094	3163	Isolate	3236506	50	437259	37.95	98.66	0	Bacteria	Firmicutes_A	Clostridia	Lachnospirales	Lachnospiraceae	Lachnospira	Lachnospira eligens_B	Europe	FALSE	Veillonella
GUT_GENOME156581_00568	Eubacteriaceae	fliW	Binds to the C-terminal region of flagellin, which is implicated in polymerization, and participates in the assembly of the flagellum	100060	UHGG148794_01632	0.02153898722846146	14879401632	15658100568	GUT_GENOME156581_00568	100060	GUT_GENOME000237	MGYG-HGUT-00060	100187	93.73645	8	15	1	336094	3163	Isolate	3236506	50	437259	37.95	98.66	0	Bacteria	Firmicutes_A	Clostridia	Lachnospirales	Lachnospiraceae	Lachnospira	Lachnospira eligens_B	Europe	TRUE	Lachnospira sp900316325
GUT_GENOME156791_00144	Pasteurellales	CP_0066	Phosphate transport regulator (distant homolog of PhoU)	100271	UHGG032492_02428	0.021456275959710797	03249202428	15679100144	GUT_GENOME156791_00144	100271	GUT_GENOME001770	MGYG-HGUT-00271	104271	90.31905	2501	15	1	340117	1060	Isolate	4008876	133	76264	41	99.52	0.24	Bacteria	Firmicutes_A	Clostridia	Lachnospirales	Lachnospiraceae	Roseburia	Roseburia inulinivorans	Asia	FALSE	Haemophilus_D parainfluenzae
GUT_GENOME165391_00843	Negativicutes	rpsO	Forms an intersubunit bridge (bridge B4) with the 23S rRNA of the 50S subunit in the ribosome	100060	UHGG047117_02376	2.591555996727177e-6	04711702376	16539100843	GUT_GENOME165391_00843	100060	GUT_GENOME000237	MGYG-HGUT-00060	100187	93.73645	8	15	1	336094	3163	Isolate	3236506	50	437259	37.95	98.66	0	Bacteria	Firmicutes_A	Clostridia	Lachnospirales	Lachnospiraceae	Lachnospira	Lachnospira eligens_B	Europe	FALSE	Veillonella atypica
GUT_GENOME176835_01785	Bacteria	NA	nitric oxide dioxygenase activity	100060	UHGG041746_02389	1.5800131721982047e-5	04174602389	17683501785	GUT_GENOME176835_01785	100060	GUT_GENOME000237	MGYG-HGUT-00060	100187	93.73645	8	15	1	336094	3163	Isolate	3236506	50	437259	37.95	98.66	0	Bacteria	Firmicutes_A	Clostridia	Lachnospirales	Lachnospiraceae	Lachnospira	Lachnospira eligens_B	Europe	FALSE	Veillonella infantium
GUT_GENOME167182_01438	Negativicutes	NA	ABC transporter, ATP-binding protein	100060	UHGG047117_02377	1.5800131721982047e-5	04711702377	16718201438	GUT_GENOME167182_01438	100060	GUT_GENOME000237	MGYG-HGUT-00060	100187	93.73645	8	15	1	336094	3163	Isolate	3236506	50	437259	37.95	98.66	0	Bacteria	Firmicutes_A	Clostridia	Lachnospirales	Lachnospiraceae	Lachnospira	Lachnospira eligens_B	Europe	FALSE	Veillonella atypica
GUT_GENOME176503_00236	Negativicutes	glmU	Catalyzes the last two sequential reactions in the de novo biosynthetic pathway for UDP-N-acetylglucosamine (UDP- GlcNAc). The C-terminal domain catalyzes the transfer of acetyl group from acetyl coenzyme A to glucosamine-1-phosphate (GlcN-1-P) to produce N-acetylglucosamine-1-phosphate (GlcNAc-1-P), which is converted into UDP-GlcNAc by the transfer of uridine 5- monophosphate (from uridine 5-triphosphate), a reaction catalyzed by the N-terminal domain	100271	UHGG200056_01833	0.004759435038657215	20005601833	17650300236	GUT_GENOME176503_00236	100271	GUT_GENOME001770	MGYG-HGUT-00271	104271	90.31905	2501	15	1	340117	1060	Isolate	4008876	133	76264	41	99.52	0.24	Bacteria	Firmicutes_A	Clostridia	Lachnospirales	Lachnospiraceae	Roseburia	Roseburia inulinivorans	Asia	FALSE	Veillonella atypica
GUT_GENOME164878_00484	Negativicutes	purR	pur operon repressor	100271	UHGG200056_01834	0.004759435038657215	20005601834	16487800484	GUT_GENOME164878_00484	100271	GUT_GENOME001770	MGYG-HGUT-00271	104271	90.31905	2501	15	1	340117	1060	Isolate	4008876	133	76264	41	99.52	0.24	Bacteria	Firmicutes_A	Clostridia	Lachnospirales	Lachnospiraceae	Roseburia	Roseburia inulinivorans	Asia	FALSE	Veillonella
GUT_GENOME192308_01194	Eubacteriaceae	NA	COG1028 Dehydrogenases with different specificities (related to short-chain alcohol dehydrogenases)	100060	UHGG192308_01194	0.010350651612796124	19230801194	19230801194	GUT_GENOME192308_01194	100060	GUT_GENOME000237	MGYG-HGUT-00060	100187	93.73645	8	15	1	336094	3163	Isolate	3236506	50	437259	37.95	98.66	0	Bacteria	Firmicutes_A	Clostridia	Lachnospirales	Lachnospiraceae	Lachnospira	Lachnospira eligens_B	Europe	FALSE	Veillonella sp002959755
GUT_GENOME207372_01722	Clostridia	NA	PhoQ Sensor	100060	UHGG000216_02074	0.020348331483012006	00021602074	20737201722	GUT_GENOME207372_01722	100060	GUT_GENOME000237	MGYG-HGUT-00060	100187	93.73645	8	15	1	336094	3163	Isolate	3236506	50	437259	37.95	98.66	0	Bacteria	Firmicutes_A	Clostridia	Lachnospirales	Lachnospiraceae	Lachnospira	Lachnospira eligens_B	Europe	TRUE	Lachnospira eligens_B
GUT_GENOME210531_01353	Eubacteriaceae	fliQ	Role in flagellar biosynthesis	100060	UHGG152466_01649	0.026219746375118293	15246601649	21053101353	GUT_GENOME210531_01353	100060	GUT_GENOME000237	MGYG-HGUT-00060	100187	93.73645	8	15	1	336094	3163	Isolate	3236506	50	437259	37.95	98.66	0	Bacteria	Firmicutes_A	Clostridia	Lachnospirales	Lachnospiraceae	Lachnospira	Lachnospira eligens_B	Europe	TRUE	Lachnospira eligens_B
GUT_GENOME225086_01195	Negativicutes	dapL	Involved in the synthesis of meso-diaminopimelate (m-DAP or DL-DAP), required for both lysine and peptidoglycan biosynthesis. Catalyzes the direct conversion of tetrahydrodipicolinate to LL-diaminopimelate	100060	UHGG055467_01854	2.8711681367276765e-5	05546701854	22508601195	GUT_GENOME225086_01195	100060	GUT_GENOME000237	MGYG-HGUT-00060	100187	93.73645	8	15	1	336094	3163	Isolate	3236506	50	437259	37.95	98.66	0	Bacteria	Firmicutes_A	Clostridia	Lachnospirales	Lachnospiraceae	Lachnospira	Lachnospira eligens_B	Europe	FALSE	Veillonella atypica
GUT_GENOME223088_00777	Negativicutes	NA	exonuclease	100060	UHGG047117_02383	0.01220008702390417	04711702383	22308800777	GUT_GENOME223088_00777	100060	GUT_GENOME000237	MGYG-HGUT-00060	100187	93.73645	8	15	1	336094	3163	Isolate	3236506	50	437259	37.95	98.66	0	Bacteria	Firmicutes_A	Clostridia	Lachnospirales	Lachnospiraceae	Lachnospira	Lachnospira eligens_B	Europe	FALSE	Veillonella atypica
GUT_GENOME241287_02083	unclassified Clostridiales	epsG	Psort location CytoplasmicMembrane, score	100078	UHGG063379_01966	0.04222051558490222	06337901966	24128702083	GUT_GENOME241287_02083	100078	GUT_GENOME000308	MGYG-HGUT-00078	102580	84.03945	5551	15	1	114736	1860	Isolate	3032540	30	267346	36.51	98.66	0	Bacteria	Firmicutes_A	Clostridia	Lachnospirales	Lachnospiraceae	Lachnospira	Lachnospira rogosae	Europe	TRUE	Lachnospira sp900316325
GUT_GENOME231522_00239	Negativicutes	apeA	M18 family aminopeptidase	100060	UHGG047117_02382	1.0093925431390895e-5	04711702382	23152200239	GUT_GENOME231522_00239	100060	GUT_GENOME000237	MGYG-HGUT-00060	100187	93.73645	8	15	1	336094	3163	Isolate	3236506	50	437259	37.95	98.66	0	Bacteria	Firmicutes_A	Clostridia	Lachnospirales	Lachnospiraceae	Lachnospira	Lachnospira eligens_B	Europe	FALSE	Veillonella infantium
GUT_GENOME255216_01488	Pasteurellales	trmJ	Catalyzes the formation of 2'O-methylated cytidine (Cm32) or 2'O-methylated uridine (Um32) at position 32 in tRNA	100060	UHGG181581_00481	0.024967971865204365	18158100481	25521601488	GUT_GENOME255216_01488	100060	GUT_GENOME000237	MGYG-HGUT-00060	100187	93.73645	8	15	1	336094	3163	Isolate	3236506	50	437259	37.95	98.66	0	Bacteria	Firmicutes_A	Clostridia	Lachnospirales	Lachnospiraceae	Lachnospira	Lachnospira eligens_B	Europe	FALSE	Haemophilus_D parainfluenzae
GUT_GENOME270195_02217	Eubacteriaceae	yabB	Methyltransferase small domain	100078	UHGG188302_00118	0.016480752934112164	18830200118	27019502217	GUT_GENOME270195_02217	100078	GUT_GENOME000308	MGYG-HGUT-00078	102580	84.03945	5551	15	1	114736	1860	Isolate	3032540	30	267346	36.51	98.66	0	Bacteria	Firmicutes_A	Clostridia	Lachnospirales	Lachnospiraceae	Lachnospira	Lachnospira rogosae	Europe	TRUE	Lachnospira sp900316325
GUT_GENOME032185_00468	Eubacteriaceae	atpA	Produces ATP from ADP in the presence of a proton gradient across the membrane. The alpha chain is a regulatory subunit	100060	UHGG032185_00468	0.025241491489727454	03218500468	03218500468	GUT_GENOME032185_00468	100060	GUT_GENOME000237	MGYG-HGUT-00060	100187	93.73645	8	15	1	336094	3163	Isolate	3236506	50	437259	37.95	98.66	0	Bacteria	Firmicutes_A	Clostridia	Lachnospirales	Lachnospiraceae	Lachnospira	Lachnospira eligens_B	Europe	FALSE	Veillonella sp002959755
GUT_GENOME036211_01640	Clostridiaceae	els	Sterol carrier protein domain	100078	UHGG151972_01002	0.016480752934112164	15197201002	03621101640	GUT_GENOME036211_01640	100078	GUT_GENOME000308	MGYG-HGUT-00078	102580	84.03945	5551	15	1	114736	1860	Isolate	3032540	30	267346	36.51	98.66	0	Bacteria	Firmicutes_A	Clostridia	Lachnospirales	Lachnospiraceae	Lachnospira	Lachnospira rogosae	Europe	TRUE	Lachnospira sp900316325
GUT_GENOME041746_02388	Eubacteriaceae	NA	COG0745 Response regulators consisting of a CheY-like receiver domain and a winged-helix DNA-binding domain	100060	UHGG041746_02388	0.011124410998078985	04174602388	04174602388	GUT_GENOME041746_02388	100060	GUT_GENOME000237	MGYG-HGUT-00060	100187	93.73645	8	15	1	336094	3163	Isolate	3236506	50	437259	37.95	98.66	0	Bacteria	Firmicutes_A	Clostridia	Lachnospirales	Lachnospiraceae	Lachnospira	Lachnospira eligens_B	Europe	FALSE	Veillonella
GUT_GENOME045272_01605	Eubacteriaceae	ftsZ	Essential cell division protein that forms a contractile ring structure (Z ring) at the future cell division site. The regulation of the ring assembly controls the timing and the location of cell division. One of the functions of the FtsZ ring is to recruit other cell division proteins to the septum to produce a new cell wall between the dividing cells. Binds GTP and shows GTPase activity	100060	UHGG063307_00097	0.0072933629080568765	06330700097	04527201605	GUT_GENOME045272_01605	100060	GUT_GENOME000237	MGYG-HGUT-00060	100187	93.73645	8	15	1	336094	3163	Isolate	3236506	50	437259	37.95	98.66	0	Bacteria	Firmicutes_A	Clostridia	Lachnospirales	Lachnospiraceae	Lachnospira	Lachnospira eligens_B	Europe	TRUE	Lachnospira sp900316325
GUT_GENOME058693_01493	Negativicutes	prs	Involved in the biosynthesis of the central metabolite phospho-alpha-D-ribosyl-1-pyrophosphate (PRPP) via the transfer of pyrophosphoryl group from ATP to 1-hydroxyl of ribose-5-phosphate (Rib-5-P)	100271	UHGG200056_01832	4.3946285966650807e-5	20005601832	05869301493	GUT_GENOME058693_01493	100271	GUT_GENOME001770	MGYG-HGUT-00271	104271	90.31905	2501	15	1	340117	1060	Isolate	4008876	133	76264	41	99.52	0.24	Bacteria	Firmicutes_A	Clostridia	Lachnospirales	Lachnospiraceae	Roseburia	Roseburia inulinivorans	Asia	FALSE	Veillonella atypica
GUT_GENOME061483_00153	Negativicutes	XK27_00670	ABC transporter substrate binding protein	100060	UHGG047117_02379	1.9846540483260886e-6	04711702379	06148300153	GUT_GENOME061483_00153	100060	GUT_GENOME000237	MGYG-HGUT-00060	100187	93.73645	8	15	1	336094	3163	Isolate	3236506	50	437259	37.95	98.66	0	Bacteria	Firmicutes_A	Clostridia	Lachnospirales	Lachnospiraceae	Lachnospira	Lachnospira eligens_B	Europe	FALSE	Veillonella infantium
GUT_GENOME086019_00772	Ruminococcaceae	arsA	Arsenical pump membrane protein	100078	UHGG195023_01285	0.016480752934112164	19502301285	08601900772	GUT_GENOME086019_00772	100078	GUT_GENOME000308	MGYG-HGUT-00078	102580	84.03945	5551	15	1	114736	1860	Isolate	3032540	30	267346	36.51	98.66	0	Bacteria	Firmicutes_A	Clostridia	Lachnospirales	Lachnospiraceae	Lachnospira	Lachnospira rogosae	Europe	TRUE	Lachnospira sp900316325
GUT_GENOME085546_00509	Negativicutes	NA	COG3210 Large exoproteins involved in heme utilization or adhesion	100271	UHGG155662_03633	0.021456275959710797	15566203633	08554600509	GUT_GENOME085546_00509	100271	GUT_GENOME001770	MGYG-HGUT-00271	104271	90.31905	2501	15	1	340117	1060	Isolate	4008876	133	76264	41	99.52	0.24	Bacteria	Firmicutes_A	Clostridia	Lachnospirales	Lachnospiraceae	Roseburia	Roseburia inulinivorans	Asia	FALSE	Haemophilus_D
GUT_GENOME091880_00489	Negativicutes	NA	NA	100271	UHGG155662_03778	0.021456275959710797	15566203778	09188000489	GUT_GENOME091880_00489	100271	GUT_GENOME001770	MGYG-HGUT-00271	104271	90.31905	2501	15	1	340117	1060	Isolate	4008876	133	76264	41	99.52	0.24	Bacteria	Firmicutes_A	Clostridia	Lachnospirales	Lachnospiraceae	Roseburia	Roseburia inulinivorans	Asia	FALSE	Veillonella atypica
NA	NA	NA	NA	100060	UHGG210793_02030	8.3596123256489e-5	21079302030	15466202397	GUT_GENOME154662_02397	100060	GUT_GENOME000237	MGYG-HGUT-00060	100187	93.73645	8	15	1	336094	3163	Isolate	3236506	50	437259	37.95	98.66	0	Bacteria	Firmicutes_A	Clostridia	Lachnospirales	Lachnospiraceae	Lachnospira	Lachnospira eligens_B	Europe	FALSE	Veillonella parvula
NA	NA	NA	NA	100060	UHGG041746_02390	7.167049038942647e-7	04174602390	00411400220	GUT_GENOME004114_00220	100060	GUT_GENOME000237	MGYG-HGUT-00060	100187	93.73645	8	15	1	336094	3163	Isolate	3236506	50	437259	37.95	98.66	0	Bacteria	Firmicutes_A	Clostridia	Lachnospirales	Lachnospiraceae	Lachnospira	Lachnospira eligens_B	Europe	FALSE	Veillonella atypica
NA	NA	NA	NA	100060	UHGG047117_02375	0.025241491489727454	04711702375	15105501601	GUT_GENOME151055_01601	100060	GUT_GENOME000237	MGYG-HGUT-00060	100187	93.73645	8	15	1	336094	3163	Isolate	3236506	50	437259	37.95	98.66	0	Bacteria	Firmicutes_A	Clostridia	Lachnospirales	Lachnospiraceae	Lachnospira	Lachnospira eligens_B	Europe	FALSE	Veillonella atypica
NA	NA	NA	NA	100060	UHGG047117_02381	3.0649304637654233e-4	04711702381	24971901271	GUT_GENOME249719_01271	100060	GUT_GENOME000237	MGYG-HGUT-00060	100187	93.73645	8	15	1	336094	3163	Isolate	3236506	50	437259	37.95	98.66	0	Bacteria	Firmicutes_A	Clostridia	Lachnospirales	Lachnospiraceae	Lachnospira	Lachnospira eligens_B	Europe	FALSE	Veillonella atypica
NA	NA	NA	NA	100060	UHGG258864_02598	0.03309274170401629	25886402598	17810801260	GUT_GENOME178108_01260	100060	GUT_GENOME000237	MGYG-HGUT-00060	100187	93.73645	8	15	1	336094	3163	Isolate	3236506	50	437259	37.95	98.66	0	Bacteria	Firmicutes_A	Clostridia	Lachnospirales	Lachnospiraceae	Lachnospira	Lachnospira eligens_B	Europe	TRUE	Lachnospira sp900316325
NA	NA	NA	NA	100060	UHGG029873_02068	0.001331793597632664	02987302068	02987302068	GUT_GENOME029873_02068	100060	GUT_GENOME000237	MGYG-HGUT-00060	100187	93.73645	8	15	1	336094	3163	Isolate	3236506	50	437259	37.95	98.66	0	Bacteria	Firmicutes_A	Clostridia	Lachnospirales	Lachnospiraceae	Lachnospira	Lachnospira eligens_B	Europe	FALSE	Streptococcus vestibularis
NA	NA	NA	NA	100060	UHGG210928_01151	1.0093925431390895e-5	21092801151	21092801151	GUT_GENOME210928_01151	100060	GUT_GENOME000237	MGYG-HGUT-00060	100187	93.73645	8	15	1	336094	3163	Isolate	3236506	50	437259	37.95	98.66	0	Bacteria	Firmicutes_A	Clostridia	Lachnospirales	Lachnospiraceae	Lachnospira	Lachnospira eligens_B	Europe	FALSE	Streptococcus sp001556435
NA	NA	NA	NA	102528	UHGG064838_00419	0.034336151375259874	06483800419	13772800348	GUT_GENOME137728_00348	102528	GUT_GENOME147149	MGYG-HGUT-02528	100028	88.65995	6271	15	1	282780	2838	Isolate	3172613	1	3172613	37.28	99.33	1.34	Bacteria	Firmicutes_A	Clostridia	Lachnospirales	Lachnospiraceae	Anaerostipes	Anaerostipes hadrus	Asia	FALSE	Veillonella atypica
